{
  "metadata": {
    "source_file": "beatsync-core/fixtures/audio/click_120.wav",
    "duration_sec": 16.005,
    "analysis_version": "0.1"
  },
  "tempo": {
    "bpm": 60.95,
    "confidence": 0.9
  },
  "key": {
    "name": "unknown",
    "confidence": 0.0
  },
  "rhythm": {
    "beats": [
      0.0,
      0.9844134536505332,
      1.9688269073010665,
      2.9532403609516,
      3.937653814602133,
      4.9220672682526665,
      5.9064807219032,
      6.890894175553733,
      7.875307629204266,
      8.859721082854799,
      9.844134536505333,
      10.828547990155865,
      11.8129614438064,
      12.797374897456931,
      13.781788351107465,
      14.766201804757998,
      15.750615258408532
    ],
    "bars": [
      0.0,
      3.937653814602133,
      7.875307629204266,
      11.8129614438064,
      15.750615258408532
    ]
  },
  "structure": [],
  "energy": {
    "curve": [
      1.0,
      0.17212547187582367,
      0.002620805554721824,
      0.0016560197736807932,
      0.0011470292330770723,
      0.0008390806902948977,
      0.0006340345202878177,
      0.0004885477696803968,
      0.0003806844864283656,
      0.00029820922869368987,
      0.00023380289058662162,
      0.00018286029336290346,
      0.00014237286681808623,
      0.00011029563594575332,
      8.508967309858934e-05,
      6.51255526443349e-05,
      4.7138516664437194e-05,
      2.2348604048644905e-05,
      0.00010255716906606262,
      0.001367581902655959,
      0.9776743284303345,
      0.27186927175545883,
      0.00200420364973958,
      0.0009972312397420438,
      0.0007401118815970962,
      0.0006285754847327196,
      0.0005716779658668544,
      0.000541193096309364,
      0.0005256121175042896,
      0.0005194637479516095,
      0.0005198972663059939,
      0.0005253565950039773,
      0.0005349873031695007,
      0.0005483222489122917,
      0.0005650303412175853,
      0.0005844840051501908,
      0.0006044209320597961,
      0.0006153115198818294,
      0.0005677657699852025,
      0.0005544671049105499,
      0.9580779845889589,
      0.334399954961611,
      0.0017035342814072409,
      0.0002652364566986943,
      0.00011665650401793941,
      0.00026706944902831663,
      0.0003755361750829528,
      0.0004620260161076778,
      0.0005395136194152196,
      0.0006155708211139147,
      0.0006957618382113324,
      0.0007853801654000494,
      0.0008907330647665426,
      0.0010206933949944775,
      0.0011893748714636475,
      0.0014218073373264478,
      0.0017681260109324625,
      0.002346613825211715,
      0.0035140829726886653,
      0.00609963620530657,
      0.9981227516966978,
      0.18280742113257303,
      0.003001555184742268,
      0.0020115206861324084,
      0.0014875233283287372,
      0.0011690320635171427,
      0.0009555950090079655,
      0.0008030081005139769,
      0.0006889503618325565,
      0.0006009879119476832,
      0.0005316882278141913,
      0.0004763767935134858,
      0.0004320015022469359,
      0.00039649092967084676,
      0.00036829275008614775,
      0.0003457766229234681,
      0.00032566272527133073,
      0.00029662930528954833,
      0.00020570484656095067,
      0.0010402176585973641,
      0.9739574642096229,
      0.2848822695899364,
      0.0018200192497724494,
      0.0007343872004624714,
      0.0004664406471788242,
      0.0003492628025853979,
      0.0002874180500085904,
      0.00025155058552173734,
      0.00022965803395527882,
      0.00021592909153299298,
      0.0002071943442143488,
      0.00020155449174933388,
      0.00019778078443604912,
      0.00019505049558335842,
      0.0001929025457159528,
      0.00019153501733419685,
      0.00019319333905777554,
      0.00020866628868479478,
      0.0003009922782323612,
      0.0013773844351364086,
      0.9724433644722464,
      0.29003618955431126,
      0.0023163146115257522,
      0.0012371936318125716,
      0.000982284795583909,
      0.0008822829402719186,
      0.0008425656349270478,
      0.000834688756541152,
      0.0008478569656816725,
      0.0008779301645363417,
      0.0009241074847228505,
      0.0009879320490468228,
      0.0010733418617064178,
      0.00118759860094517,
      0.0013435938810298317,
      0.0015652145951539048,
      0.0019010348675095364,
      0.002465845402558622,
      0.003603941234922509,
      0.005629457025397845,
      0.9962472698807188,
      0.19278385431168435,
      0.0028982062835626893,
      0.001885203327776491,
      0.0013473952970341414,
      0.0010181509132729766,
      0.0007943454679390117,
      0.0006307139137647315,
      0.0005043698590397643,
      0.0004024717057831292,
      0.0003172146971078455,
      0.0002435397433644132,
      0.0001779963313372246,
      0.0001181858121254088,
      6.274042216458264e-05,
      1.6685444353672286e-05,
      4.426116438612717e-05,
      8.01153558659099e-05,
      6.600269613987141e-05,
      0.0006716495185013219,
      0.9515189831952909,
      0.35264748524198725,
      0.002669981960569727,
      0.0006952680519465819,
      0.00033594656991144085,
      0.000154329467618553,
      4.070816728376471e-05,
      7.481484300646393e-05,
      0.00015865356066073596,
      0.00024221077701665962,
      0.00032949531872339795,
      0.00042559644399144255,
      0.0005367331035022187,
      0.0006716441436014787,
      0.000844160089854293,
      0.0010786696385282851,
      0.0014237026970557072,
      0.0019927357475766003,
      0.0031236106776425664,
      0.005144296348770794,
      0.99492639225701,
      0.19949429640840186,
      0.0033604212842759194,
      0.0023368045372226575,
      0.0017957856788552802,
      0.0014672481629747875,
      0.0012466532085505385,
      0.0010883139958935738,
      0.0009692705224711324,
      0.0008767721872812228,
      0.0008032102328302445,
      0.000743801530455787,
      0.0006954207530683829,
      0.0006559443228092225,
      0.0006237862058901446,
      0.0005973170831465753,
      0.0005733745869612117,
      0.0005412548878502781,
      0.0004484112180225561,
      0.0007303033020063903,
      0.9676253888265218,
      0.30568726523997514,
      0.001769192759152426,
      0.0005440881922680332,
      0.0002678438023872816,
      0.00015271517424671617,
      9.620156263924406e-05,
      6.750991900486336e-05,
      5.431348240219047e-05,
      5.080487624801357e-05,
      5.394835909230246e-05,
      6.207821461936109e-05,
      7.428609376573227e-05,
      9.008544119438558e-05,
      0.00010914979806505887,
      0.00013089893728957013,
      0.00015327037717988517,
      0.00016770640006711387,
      0.00013389515189953508,
      0.000578055000112371,
      0.9446094779551981,
      0.37074277669443434,
      0.004197659895054028,
      0.000715440106080284,
      0.00035778537106109527,
      0.00018273983192321975,
      7.051055687325979e-05,
      3.428397777773086e-05,
      0.00010622423091376877,
      0.00018237637292606716,
      0.00026283198176011195,
      0.00035241284996060567,
      0.0004572115107596231,
      0.000585821860719671,
      0.0007518461761512498,
      0.0009792379891004844,
      0.0013155293616515748,
      0.0018713383459418246,
      0.0029735031210140067,
      0.005048038567123608,
      0.9927840644036133,
      0.2098969739325314,
      0.0035201073510267885,
      0.0024823693039224214,
      0.0019370821378015182,
      0.0016085735573262076,
      0.001389751035423518,
      0.0012340232647914224,
      0.0011180573009753171,
      0.0010289318870150231,
      0.0009589559761409947,
      0.0009033073179412346,
      0.0008588449524000231,
      0.0008234446516778697,
      0.0007955333034205165,
      0.0007735174895576601,
      0.0007543398643379504,
      0.0007276972516082415,
      0.0006427009684312125,
      0.0005899758522322965,
      0.9607308946107075,
      0.3267005316802692,
      0.0016906446138367402,
      0.0003450684700002352,
      6.310766444817246e-05,
      8.806868367410211e-05,
      0.00015090407487682015,
